district,address,complete_address,gcj02_lng,gcj02_lat,wgs84_lng,wgs84_lat,street_level
虹口区,昆山花园路3号,上海市虹口区昆山花园路|3号,121.485405,31.248934,121.48092001788524,31.25090098731972,四川北路街道
浦东新区,周埠村洪波村,上海市浦东新区周埠村洪波,121.763534,31.001029,121.75918507265115,31.003171374244303,大团镇
浦东新区,艺泰安邦,上海市浦东新区艺泰安邦,121.709887,31.060715,121.70554594892032,31.062848890588047,宣桥镇
普陀区,武宁路8弄,上海市普陀区武宁路8弄,121.42935,31.23452,121.4247179466355,31.23636952982456,长寿路街道
district,address,complete_address,经纬度,street_level
